{"cameraMode":{"drawMode":0,"name":"Shaded","section":"Shading Mode"},"sceneLighting":true,"audioPlay":false,"sceneViewState":{"m_AlwaysRefresh":false,"showFog":true,"showSkybox":true,"showFlares":true,"showImageEffects":true,"showParticleSystems":true,"showVisualEffectGraphs":true,"m_FxEnabled":true},"in2DMode":false,"pivot":{"x":2.1752007007598879,"y":0.8134794235229492,"z":2.2590255737304689},"rotation":{"x":0.18342818319797517,"y":0.5071757435798645,"z":-0.11144445091485977,"w":0.8347050547599793},"size":4.827542781829834,"orthographic":false}