{"cameraMode":{"drawMode":0,"name":"Shaded","section":"Shading Mode"},"sceneLighting":true,"audioPlay":false,"sceneViewState":{"m_AlwaysRefresh":false,"showFog":true,"showSkybox":true,"showFlares":true,"showImageEffects":true,"showParticleSystems":true,"showVisualEffectGraphs":true,"m_FxEnabled":true},"in2DMode":false,"pivot":{"x":-5.484829425811768,"y":1.6590707302093506,"z":10.116519927978516},"rotation":{"x":0.11214122921228409,"y":-0.3912222683429718,"z":0.04814969375729561,"w":0.9124865531921387},"size":16.16322898864746,"orthographic":false}