{"cameraMode":{"drawMode":0,"name":"Shaded","section":"Shading Mode"},"sceneLighting":true,"audioPlay":false,"sceneViewState":{"m_AlwaysRefresh":false,"showFog":true,"showSkybox":true,"showFlares":true,"showImageEffects":true,"showParticleSystems":true,"showVisualEffectGraphs":true,"m_FxEnabled":true},"in2DMode":false,"pivot":{"x":5.263241767883301,"y":6.446528434753418,"z":10.234980583190918},"rotation":{"x":-0.18925341963768006,"y":-0.023843882605433465,"z":0.003583786776289344,"w":-0.982755720615387},"size":26.981475830078126,"orthographic":false}