{"cameraMode":{"drawMode":0,"name":"Shaded","section":"Shading Mode"},"sceneLighting":true,"audioPlay":false,"sceneViewState":{"m_AlwaysRefresh":false,"showFog":true,"showSkybox":true,"showFlares":true,"showImageEffects":true,"showParticleSystems":true,"showVisualEffectGraphs":true,"m_FxEnabled":true},"in2DMode":false,"pivot":{"x":1509.28076171875,"y":189.91090393066407,"z":449.5309143066406},"rotation":{"x":0.27887511253356936,"y":0.02206140011548996,"z":0.0047114077024161819,"w":0.9627493619918823},"size":1054.7510986328125,"orthographic":false}