{"cameraMode":{"drawMode":0,"name":"Shaded","section":"Shading Mode"},"sceneLighting":true,"audioPlay":false,"sceneViewState":{"m_AlwaysRefresh":false,"showFog":true,"showSkybox":true,"showFlares":true,"showImageEffects":true,"showParticleSystems":true,"showVisualEffectGraphs":true,"m_FxEnabled":true},"in2DMode":false,"pivot":{"x":-0.2374420166015625,"y":1.5853729248046876,"z":29.159955978393556},"rotation":{"x":-0.2165856808423996,"y":-0.10617697238922119,"z":0.022391868755221368,"w":-0.9714744091033936},"size":16.6433162689209,"orthographic":false}