{"cameraMode":{"drawMode":0,"name":"Shaded","section":"Shading Mode"},"sceneLighting":false,"audioPlay":false,"sceneViewState":{"m_AlwaysRefresh":false,"showFog":true,"showSkybox":false,"showFlares":true,"showImageEffects":true,"showParticleSystems":true,"showVisualEffectGraphs":true,"m_FxEnabled":true},"in2DMode":false,"pivot":{"x":2.838226556777954,"y":0.3630456328392029,"z":-0.14527148008346559},"rotation":{"x":0.11256884783506394,"y":-0.1823204606771469,"z":0.021496526896953584,"w":0.9769298434257507},"size":2.4494898319244386,"orthographic":false}