{"cameraMode":{"drawMode":0,"name":"Shaded","section":"Shading Mode"},"sceneLighting":false,"audioPlay":false,"sceneViewState":{"m_AlwaysRefresh":false,"showFog":true,"showSkybox":false,"showFlares":true,"showImageEffects":true,"showParticleSystems":true,"showVisualEffectGraphs":true,"m_FxEnabled":true},"in2DMode":false,"pivot":{"x":0.7048178315162659,"y":0.5231575965881348,"z":0.45446741580963137},"rotation":{"x":-0.022759154438972474,"y":0.7200828790664673,"z":-0.04035252705216408,"w":-0.6959726810455322},"size":1.7320507764816285,"orthographic":false}