{"cameraMode":{"drawMode":0,"name":"Shaded","section":"Shading Mode"},"sceneLighting":false,"audioPlay":false,"sceneViewState":{"m_AlwaysRefresh":false,"showFog":true,"showSkybox":false,"showFlares":true,"showImageEffects":true,"showParticleSystems":true,"showVisualEffectGraphs":true,"m_FxEnabled":true},"in2DMode":false,"pivot":{"x":-1.3530980348587037,"y":-6.517399787902832,"z":46.411468505859378},"rotation":{"x":0.23561666905879975,"y":-0.010724126361310482,"z":0.0025814904365688564,"w":0.9720321893692017},"size":16.18641471862793,"orthographic":false}