{"cameraMode":{"drawMode":0,"name":"Shaded","section":"Shading Mode"},"sceneLighting":false,"audioPlay":false,"sceneViewState":{"m_AlwaysRefresh":false,"showFog":true,"showSkybox":false,"showFlares":true,"showImageEffects":true,"showParticleSystems":true,"showVisualEffectGraphs":true,"m_FxEnabled":true},"in2DMode":false,"pivot":{"x":0.44273844361305239,"y":1.1854346990585328,"z":-1.1529594659805298},"rotation":{"x":0.13680332899093629,"y":0.047569047659635547,"z":-0.006025983020663261,"w":0.9898489117622376},"size":1.7320507764816285,"orthographic":false}